{"cameraMode":{"drawMode":0,"name":"Shaded","section":"Shading Mode"},"sceneLighting":true,"audioPlay":false,"sceneViewState":{"showFog":true,"showMaterialUpdate":false,"showSkybox":true,"showFlares":true,"showImageEffects":true,"showParticleSystems":true},"in2DMode":false,"pivot":{"x":334.78375244140627,"y":381.55010986328127,"z":-115.93006896972656},"rotation":{"x":0.1737409085035324,"y":0.1134616807103157,"z":-0.02015482820570469,"w":0.9780285358428955},"size":142.51451110839845,"orthographic":false}