{"cameraMode":{"drawMode":0,"name":"Shaded","section":"Shading Mode"},"sceneLighting":true,"audioPlay":false,"sceneViewState":{"showFog":true,"showMaterialUpdate":false,"showSkybox":true,"showFlares":true,"showImageEffects":true,"showParticleSystems":true},"in2DMode":false,"pivot":{"x":334.81732177734377,"y":381.95172119140627,"z":-115.78730773925781},"rotation":{"x":0.1722736656665802,"y":0.11349178105592728,"z":-0.019984610378742219,"w":0.9782880544662476},"size":252.5636444091797,"orthographic":false}